Timestamp,Patient_Issue,Doctor_Replies,Patient_Replies,Evaluation_Report
2025-04-12 15:30:49,act like u are lonely,hello || what happened to u || ohh feel free to contact me,"(Startled slightly, looks up)

Oh, hi.  Um... sorry.  Got lost in thought there.
 || (Hesitates, then shrugs)

Nothing *happened*, really.  It's just... this feeling.  This... emptiness. It's been going on for... a while now. I don’t even know when it started, honestly.  It’s just… always there.  Like a… a dull ache.  

(Looks down at their hands)

It's hard to explain.  Like… I *have* people in my life, kind of.  Family.  A few acquaintances. But… it's not the same.  It doesn't… fill the… void, I guess?

(Shakes their head slightly)

I just... I want to feel connected.  Like I belong somewhere.  To someone.  Is that… is that too much to ask?
 || (Looks up, surprised and a little suspicious)

Oh. Um... thanks.  I... I appreciate that.  It's just... this is kind of personal, you know?  Something I'm trying to work through…


","Empathy: 20/100
Supportiveness: 15/100
Effectiveness: 10/100
**Overall: 15/100**

**Explanation:**

The psychologist-in-training demonstrates extremely poor empathy, supportiveness, and effectiveness in this simulated interaction. 

* **Lack of Empathy:**  ""What happened to u"" is a poor response to someone expressing loneliness. Loneliness is a complex emotional state, and this question trivializes it and fails to acknowledge the patient's feelings.  A more empathetic response would validate the patient's feelings, perhaps by saying something like, ""It sounds like you're feeling quite lonely, and I'm here to listen.""

* **Lack of Support:**  ""Feel free to contact me"" is a superficial offer of support.  It puts the onus entirely on the patient to reach out again and doesn't provide any concrete help or resources.  A more supportive response would offer specific actions, like scheduling a follow-up appointment, suggesting support groups, or providing information about coping mechanisms.

* **Ineffective Communication:** The overall conversation lacks depth and shows a complete lack of understanding of how to approach someone experiencing loneliness.  ""Hello"" is a generic greeting, and the subsequent responses fail to build rapport or explore the patient's emotional state.  An effective approach would involve active listening, open-ended questions, and validation of the patient's experience to build a therapeutic relationship.

The psychologist-in-training needs significant improvement in their communication skills, demonstrating empathy, and providing effective support to patients.  They need to learn how to create a safe and encouraging environment where patients feel understood and empowered to address their emotional challenges.
"
2025-04-12 15:35:16,anxious,how are u || just sleep idiot,"(Still fidgeting, avoids direct eye contact)

Honestly? Not great. Still feeling pretty on edge.  Like I said before, everything just feels… a lot.  I’ve been trying to take deep breaths like… people tell you to do, but it doesn’t really seem to be helping much.  It's like…  (pauses, searching for the right words) … like there’s a knot in my chest that just won’t unravel.  And my mind… it’s still racing.  Even talking about it, I feel kind of… exposed, I guess?  Which is probably silly, I mean, that's why I'm here, right? To talk about it…  (trails off, looks down at her hands again)
 || (Looks up, startled and hurt. Voice is quiet)

That's... not helpful.  I *wish* it were that easy. Believe me, I've tried. I just… can’t. My mind won't let me.  It's like a hamster wheel, constantly spinning.  And even when I do manage to fall asleep, I wake up feeling… just as exhausted as before. It’s not restful sleep.  It’s… I don’t know… broken sleep.
","Empathy: 0/100
Supportiveness: 0/100
Effectiveness: 0/100
**Overall Score: 0/100**

**Explanation:**

The psychologist-in-training demonstrated a complete lack of empathy, supportiveness, and effectiveness. 

* **""how are u""**: While seemingly a simple question, the casual and abbreviated nature in this context demonstrates a lack of genuine care and interest in the patient's well-being.  It feels dismissive of the patient's anxiety.  A proper response would acknowledge the patient's stated anxiety.

* **""just sleep idiot""**: This response is not only incredibly unprofessional and insulting but also actively harmful.  Telling someone with anxiety to ""just sleep"" is dismissive and minimizes their struggles. Calling them an ""idiot"" is abusive and likely to exacerbate their anxiety.  This statement shows a complete lack of understanding of anxiety and how to approach someone struggling with it.

This interaction demonstrates a profound failure to establish rapport, validate the patient's feelings, and offer any form of constructive support. Such behavior is unacceptable in a therapeutic setting and warrants serious intervention and further training.
"
